Contact_Area,Number_of_contact_points,Normal_force,Distance_to_object,x,y,z,Grasp_quality
0.2453775902251622,8,71.0795196936717,0.1794087937388216,0.0183931341181103,-0.0362597970243918,0.1747410512955732,0
0.2482224003438817,6,124.27810419992768,0.1632761238425659,0.0257917465267308,0.009368619123918,0.1609537430563972,0
0.2007244289931488,7,83.5283847371359,0.1722596492518619,-0.0109346320069321,0.0278721136343141,0.1696377489381516,1
0.2187704956552511,4,71.9112006216001,0.1757555647057823,0.0502688704196668,-0.0200343686937056,0.1672174729590896,0
0.2392926800730431,9,64.93574595904713,0.1819413231357755,0.0214673381375234,-0.0087173302362497,0.1804599861776513,1
0.1476814515341142,10,73.78785508531344,0.1642070654686838,-0.0353367488145071,0.0059738140547737,0.1602485197394847,0
0.1952341571565654,5,124.58899813550038,0.1799183470086795,-0.0035927466820224,-0.019529465342673,0.1788191928877987,1
0.2544098777020897,5,100.74173675485004,0.1627192621276895,-0.0095839398156312,0.0231337902022136,0.1607810129208983,1
0.2390194583531159,4,97.44448083609868,0.1682477543441837,-0.0039589834931341,0.0360312157891366,0.16429663654597,0
0.2299480635295863,6,119.48964026056105,0.1644049256957086,0.0076280637296139,-0.0123416642297125,0.1637634744403936,1
0.2661613715293296,3,56.88233344298967,0.1873009282421135,0.0066990570328741,0.0051487693688274,0.1871102630248118,0
0.2535072907182426,6,83.2452657507154,0.1704108993396719,-0.0221429627210527,0.0051309733912473,0.1688882379792867,1
0.0,0,0.0,0.8517581776758109,-0.8308805295912854,-0.0529646446237606,0.1797895581050299,0
0.024441359237282,5,53.75202859491037,0.1602801568910095,0.0479075383689391,-0.0034673051426674,0.1529136169720763,0
0.0,0,0.0,0.8664709477550421,-0.8498687634537727,0.0355629981840381,0.165015942772928,0
0.1722665278175712,3,79.29739704574136,0.196493828640875,0.0153471203813438,-0.0515876827524195,0.1889788389693031,0
0.0,2,76.92186875315801,0.1889687161234297,0.0042704758029102,-0.0376858992328692,0.1851235039338985,0
0.2377763539934455,4,82.51139469013125,0.1668125023209174,-0.0232691293550465,-0.004461728020809,0.1651213236765394,1
0.1647922531743316,6,85.27922868023893,0.18210856692659,-0.0036165246671958,0.0414097395869499,0.1773011121361873,1
0.2380698967634514,15,119.55536386530906,0.1770294167155708,0.0083500412618788,0.015425192111142,0.1761583226586655,1
0.0,0,0.0,1.4054990488929715,-1.3931518427032732,-0.0389805159288394,0.1817581882321788,0
0.0,2,41.4083387831777,0.1597713967278286,0.0481142389306332,0.0109759938097601,0.1519587009169769,0
0.2481626187295172,8,114.73756387609096,0.1689089828378945,0.0063851050807083,-0.0202538195262895,0.1675686656598928,1
0.0,1,0.2480174630814466,0.2036570607196683,0.0506526092614684,0.0631161195365591,0.1868873109941561,0
0.0166921253339821,5,51.38507370692891,0.1747610268536624,0.0508341060696856,0.0479658158901441,0.1601767482284344,0
0.2622246369028035,10,93.60198351101296,0.172982600354089,0.0034310549980405,0.0114912357760581,0.1725663912446509,1
0.0,2,56.24219760366074,0.2000864519228032,-0.0269498944256749,0.0360263158329146,0.1949625502526275,0
0.2334580867469206,5,66.38962689002133,0.1814779164711188,-0.0213191284676551,-0.0014537277662042,0.1802154699343532,1
0.2543214326718783,6,92.22525410127186,0.165690388266274,0.0009732319195589,-0.011597616901127,0.16528113281822,1
0.2543405005995091,5,144.89497932692578,0.1580185458134529,0.0147533072549429,0.0190579028072667,0.1561697700793221,0
0.2282431450934203,4,92.20504728282909,0.1689309879766549,0.000107585172113,-0.0097098444187074,0.1686516707464351,0
0.2441097935170499,8,59.147355401569136,0.1971965545838913,0.0268835077739737,0.0059506969561738,0.1952648134079976,1
0.0,2,52.36680601644851,0.1898753213956117,-0.0374314965941408,-0.0313385596373171,0.1834922761798653,0
0.2487544471925131,8,132.76775430511515,0.1696989723863511,-0.0138947900314837,-0.0234482901155215,0.1674958319768671,1
0.2617832665407508,11,82.31294677575295,0.1580902292730779,-0.0009369321940886,0.0088329584340213,0.1578404941546397,0
0.1744487342989129,4,40.998122601808895,0.200622067486334,0.0515527849636891,-0.0066537612755812,0.1937711324884756,0
0.0,1,57.18085281546024,0.159125606648446,0.0289465498223489,-0.0057056696229306,0.1563665606156642,0
0.0,1,0.0612024884529026,0.1965837692939549,0.0511812014330137,-0.0592090828978484,0.1803328796201288,0
0.0256466277961684,4,30.45944950336568,0.1725115111993408,-0.0350886684392264,0.0486639221955835,0.161743097286977,0
0.2376923470797355,5,88.98019857929314,0.1818723573723311,0.0213918500754408,0.0187772267637665,0.1796311745816434,1
0.1746201963039409,5,89.12556561431909,0.1678650750016977,0.0047723791962575,0.0422922964964183,0.1623800155782471,0
0.2493887584962354,4,79.97173178047183,0.1840840346726992,0.0249909977854145,-0.0255366073711669,0.180583120847547,0
0.2467674238463712,3,91.46472005288852,0.1499881250303548,0.0115058135600118,0.0139363612596102,0.14889537178598,0
0.0,2,63.0101451126639,0.1867309885469582,0.0012519314500887,-0.0296338030396162,0.1843603332302742,1
0.1900166936105368,4,105.79463977185677,0.1679102482559376,0.0009390469708965,0.0390156150292955,0.1633118227319837,1
0.2496081231087085,6,134.9416664946706,0.1707971882368121,0.0034050892768417,-0.0183182060372589,0.1697778790190121,1
0.0,0,0.0,1.1422376415598774,-1.130536831901439,-0.0210993316775631,0.161703802408257,0
0.2538358919619841,4,80.24149267902195,0.1733237532492717,0.0203684550949722,-0.0400093817455861,0.1674081803550665,0
0.1761783028612958,5,52.450780760014325,0.168483792354125,-0.0091788305973446,-0.040501703964389,0.1632854841401223,1
0.0,2,33.90578042349895,0.1951727128505565,-0.0450767909194009,0.0002114317411595,0.1898958294920487,0
0.2313746770576275,6,100.66210773621404,0.1679499051179065,0.0208550047639796,0.0194390603069947,0.1655124235209829,1
0.2518719277031568,4,182.0701023991421,0.1559977621746928,0.0026194799046095,-0.0032104422728159,0.1559427240654539,1
0.0,0,0.0,0.8275392694251814,-0.8102754531674454,-0.019899929200465,0.1669698333618094,0
0.1864277806132875,4,57.41838618865033,0.1911562950192334,-0.0343239617322101,0.0329216997763643,0.1851452307252901,0
0.0726627010720209,6,2.107533712082485,0.1819237189193567,0.0455216587434744,-0.0545383081989592,0.1674801212964903,0
0.0619488017726363,3,0.1800519679820064,0.1852402536176825,0.0503126695373286,0.0567685483931541,0.1689968010280225,0
0.2272625462876819,4,90.95257653410034,0.1632033993178006,0.0072038456669224,-0.0247948038528518,0.1611479812420597,1
0.0196341750689313,4,43.740259417112696,0.2375641552435922,-0.1647815332687921,0.0315796607709489,0.1681859065908298,0
0.1564967463960548,3,50.09236205030283,0.19585769013024,-0.0127720603887658,-0.0496644678877373,0.1890252625603433,0
0.0,0,0.0,1.182025945319752,-1.1668858253076937,-0.0338932018475526,0.1855102611004511,0
0.2454586331391623,3,118.19765469227346,0.1645308250164462,0.009777878508245,0.0099732984390857,0.1639369354072332,0
0.1973426675055765,4,86.91208017911485,0.1696401032149524,0.0008322576691377,-0.0319674452053065,0.1665987827476467,1
0.1983036638828254,3,48.33365869153008,0.1869932982224275,-0.028567864003779,-0.0225951012344567,0.1834116466491916,0
0.2537422338431636,7,79.30370153048366,0.1996193533396227,0.028567202048572,-0.0013067034463797,0.1975603546285246,1
0.259311084239215,4,71.07129375147414,0.1654948112091658,0.0194049001257402,-0.0151277682767874,0.1636555315754139,0
0.0,0,0.0,0.1707585626572823,0.0076037186457847,0.0593693604851759,0.1599248236488569,0
0.2279170471125938,5,93.68499168045868,0.1652361678546164,0.0074587159279337,0.0235647094444738,0.1633770583429108,1
0.2748402307242094,6,79.12401749900471,0.181303877143462,0.0197429456709617,-0.0089525925731803,0.180003230664629,0
0.1750098816845938,3,84.02370332288281,0.1923623771095395,-0.0264684201365554,-0.0244067465247119,0.1889630058683073,1
0.0,2,51.39028261124419,0.2009550245796051,-0.0621728867607265,-0.0130087525791901,0.190652108333375,0
0.1575156375357311,3,67.47346857987544,0.1871044808677298,-0.0032211972122883,-0.0454515446623387,0.1814713964709305,1
0.2206396429772356,4,140.81359451960776,0.165964779409816,-0.0263604711552293,0.00745188588364,0.1636884325839808,1
0.0,2,51.165732654365286,0.1950867332941937,-0.0183430531610356,-0.0541341530570971,0.1865257606362244,0
0.2357305332193466,4,63.83620682783767,0.1844786226633892,-0.0229515588481269,0.0017798362384917,0.1830366639479267,1
0.2331435605459153,8,94.5484175866547,0.1749886812592862,-0.0068052165388902,0.0002773866628398,0.1748560855485509,1
0.2405094725141044,10,130.4479830027935,0.1696917823299,-0.0166980224761081,-0.0134738418438026,0.1683298328332021,1
0.1617492591998819,4,71.59441287498215,0.1861702266649322,0.0062643048355056,0.050503621870122,0.1790795799620934,1
0.2402072319995735,5,248.72411592825097,0.1699127703690124,-0.0227902107947681,0.0312384697177709,0.1654542650888598,0
0.2416570233029834,5,39.73845046691984,0.2043139128640219,0.0471922491780182,-0.0129193046694414,0.1983687429364442,1
0.0,0,0.0,1.2349520585773417,-1.221944136915677,0.0566740196435954,0.1695499004401127,0
0.2366744561710777,4,105.73328949139886,0.161185383806997,-0.0118132597676326,-0.0186321119807834,0.1596684666733131,1
0.2174964481557634,5,107.1608024607235,0.1784151928783015,-0.0180201810639937,-0.0133160528967686,0.1770026464759012,1
0.0,0,0.0,1.0016930614090094,-0.9884050400452096,-0.0299481784973008,0.1598360806979281,0
0.2342937083800928,5,101.4797186346874,0.1850419557899111,-0.0112007117924265,-0.0081977908684253,0.1845206375524861,1
0.2237567296066456,4,131.69573742625667,0.1558058317411877,-0.0105684055091239,0.0118775127039439,0.1549925504710652,1
0.0,0,0.0,3.760030274426679,-0.0281285266704381,-3.754959746644902,0.1931676775989484,0
0.0,2,36.10556981972641,0.1981571692212992,0.0531868418873462,0.019666565879729,0.1898700865074521,0
0.2563113296355112,5,89.36660915497058,0.1480731046489136,0.0023681125477596,0.0053750506047318,0.1479565652288732,0
0.2376291468884106,4,69.69169960074504,0.1652975738627987,0.006195581132194,-0.0091109495945985,0.1649299648240018,0
0.1972804741398485,9,84.45674770344495,0.1742576421897196,-0.0042674285678243,0.0419211359215223,0.169086171161299,1
0.2422719964287057,3,88.61749075493908,0.1516403578368035,0.0055990703452422,0.0135756763429931,0.150927630167485,0
0.2486786612163026,7,104.66609978462697,0.1754060876775914,0.0007199846060972,-0.0036235623625128,0.1753671776939198,1
0.1919148002796815,5,111.40597996789712,0.1611134368479965,0.0004984643115673,0.0218118763989975,0.1596293616921971,1
0.1656206591524393,3,52.92040867112559,0.1953603129079101,-0.0224735668558602,-0.0341931028608028,0.1910272817400757,0
0.1960525373223831,6,54.077165682007454,0.1784878309466004,-0.0215702980759943,-0.0351395827432196,0.1736601213910879,1
0.1661608879302922,3,58.83303358922332,0.1871018320927668,-0.0162652593598604,-0.0517734448297424,0.1790587817474697,1
0.0,0,0.0,1.0968787090526848,-1.0830101616185142,-0.049420621961827,0.1667018126147108,0
0.1547705243062571,3,83.45832878948207,0.1807590833037387,-0.0081821997325145,0.0544867667407338,0.1721571667241478,1
0.2204141440279716,3,92.740357077656,0.1838178020039634,0.0011966089984093,-0.0081544192163787,0.1836329434162529,0
0.0,2,61.25404967640219,0.1884355898655242,-0.0389134737692039,0.0271960790300881,0.1823570299510571,0
0.2328330285671856,10,100.85996398042076,0.1745036094315169,-0.0122266381971309,0.0049555934847528,0.1740041985592236,1
0.0,0,0.0,0.2366999578545466,0.1383133014754768,-0.0698232856824349,0.1789441517899008,0
0.1873382748032135,3,92.31131522057682,0.1748347122942434,-0.0040327045613015,-0.0318663552890917,0.171858806342653,1
0.252058627645972,4,104.06865196247448,0.1658997639463123,-0.0097286664023109,-0.0352472885877432,0.1618200030116396,1
0.1520193821843683,3,63.19984723894881,0.1892500472176612,-0.0171387335782113,0.0368404476924271,0.1848367539128613,0
0.2300613087924402,5,74.11297855210852,0.1887882424256877,-0.0031789240159986,0.0204817554639704,0.1876469893533996,0
0.2550292114535464,8,77.97344577143943,0.1617280960503683,0.00244518770023,0.0003169829345096,0.161709299766609,1
0.2638384156545897,7,65.01057039292226,0.1910331996974142,0.0014864569363898,-0.0043282942113478,0.1909783749580784,1
0.0,2,31.29494500891901,0.170159881843731,-0.0291021659497164,-0.0319019137675332,0.1645895416606916,0
0.0332528215539091,3,0.0018509033711141,0.1979209250993578,0.0546430441900076,0.0641356951774409,0.1790905997475603,0
0.1872408389776541,3,70.40595019316498,0.1867122565484313,-0.0142827351057627,0.0269226563616167,0.1842081453078016,0
0.1928741558910418,4,99.3033633584928,0.1706713647438655,-0.0205616412648484,0.0344436691769188,0.1658902266731232,0
0.241867720465278,7,62.6620798495846,0.1943022127301332,0.0188849851939124,-0.0014345649782223,0.1933769614751843,0
0.2487215878940122,8,88.5001246412873,0.1816269095628363,0.0092505105972275,-0.0150434004020495,0.1807663089056723,1
0.045780985875571,3,0.2670678876725029,0.2055819712168609,0.051483611176343,0.0558852429751658,0.1910241458226159,0
0.2308732213739943,3,57.69788861959303,0.1814528615609044,0.0212661507581559,-0.0009360508957819,0.1801999323232187,0
0.1967141560090786,6,97.18321476745324,0.1710882692496966,0.0308142072948508,0.0210007409774322,0.1669749962780219,1
0.2003377660397781,5,184.62536170831896,0.1621959997720625,-0.0127830977056305,0.0363951070721363,0.1575421560608935,1
0.2510919315816715,13,113.9857872213944,0.1776945296497494,0.0026446120781754,-0.004552765822179,0.1776165088548078,1
0.2427747847887566,5,104.1660544511581,0.1670975978673888,0.0039390560199814,-0.0002704872951537,0.1670509439881924,0
0.0,1,0.8997864560205782,0.1939530274431104,0.0395487293614347,-0.0958671171453061,0.1638998801417868,0
0.2004233762666759,3,99.32539115080722,0.1475962894612323,0.0180570007662859,-0.0038260551798401,0.1464375999796878,0
0.0,1,0.0,0.1734002608297986,0.0386497668916661,0.0588501960421485,0.1584629306836862,0
0.1963896640485739,5,69.93381005056322,0.1720199393199168,-0.0171867542319714,-0.0316012058160235,0.1682166424393585,1
0.0,0,0.0,1.1569402475885298,-1.1461748984009652,-0.035745553548376,0.1533495815686042,0
0.0,2,36.764820828710654,0.188242973655334,-0.0557972018314691,-0.0034221100824916,0.1797508791660402,0
0.2740048419902929,3,60.48020470268612,0.1892555092976775,0.0251621433498913,0.0081493949988548,0.1873982435955989,0
0.0,0,0.0,1.2025891488873592,-1.1894372417013677,0.056275863347465,0.1682044478602231,0
0.226711382548235,5,89.22820314778025,0.1848274454619553,0.0131993995516569,0.024308084333442,0.1827459369822104,0
0.1547629422809837,3,67.90089580321583,0.1905170222997254,-0.0127049783051031,0.0424527585945967,0.1852918848733798,0
0.2617249493489057,3,55.90433665679216,0.1820671103059897,0.0144857885756081,-0.0098989148019913,0.1812197728457331,0
0.1786564807994308,3,64.16723169236613,0.187266087785198,-0.0090817660057117,-0.0325504207356389,0.1841916916435805,1
0.1920951195321042,4,66.46849787421958,0.1946971303484551,0.012818547893772,-0.0243050534143395,0.1927483379288768,0
0.0,2,56.45203851007693,0.1937830533497408,0.0544833449826204,0.0120741319376692,0.185573845740732,0
0.0,2,68.09439850954544,0.1655930109171749,-0.0412846986805884,0.0109013945659923,0.1599930577118432,0
0.0,2,54.02321422752987,0.202655919692645,0.0500784575189648,-0.0422575395059091,0.1917703580689662,0
0.2300132757072115,5,87.13810154314643,0.1621067191172175,-0.0114875245100625,0.0261472317994213,0.1595711359638907,1
0.1933861945501309,3,75.1092805039102,0.1679914020460148,-0.0239217397092975,-0.0160787778053142,0.1655002550902981,0
0.0,0,0.0,1.2280859693437158,-1.2166750210474286,0.0537006534339649,0.1581558758911548,0
0.2170594118331952,5,87.95328975201737,0.1853627624880718,0.037519240856941,0.0064886067131229,0.1814099177709162,0
0.2395367920580987,4,82.82654947221621,0.1819663948047981,0.0195850450787748,-0.0262188205648684,0.1789993527801295,1
0.1813323146848845,5,80.50394739289345,0.1842467027721071,0.001893832506291,-0.0451022086603818,0.1786310489662609,1
0.1461757199090561,3,53.36797985133696,0.2040666972415455,-0.0567847008072713,-0.0124077548158363,0.1956138090670783,0
0.0,2,71.11538325285477,0.1841734989170146,0.0020198306604578,0.0456761797643,0.1784081965313758,1
0.2560866992839957,12,98.35665263849704,0.177396547158738,0.0087482015967442,-0.0174571260564907,0.1763186112198961,1
0.1651979901811147,4,99.49399545853528,0.1770301591760156,0.0049575036989072,0.0514545515991111,0.1693148827914875,1
0.2377936943951857,6,133.98363817124368,0.1733893235685591,-0.0108811688322306,-0.0156792694601093,0.1723357716830846,1
0.1903430098595782,4,86.19354009039546,0.1731299754691404,-0.0030564088089817,-0.0324714623186407,0.1700301470505352,1
0.1868448575770654,3,55.81388396758989,0.1775341882932961,-0.0227888584620004,-0.0325649110060452,0.1730276929110678,1
0.1831011688610907,4,61.83435127178048,0.1881403725156114,0.0047458945427452,0.030072057350871,0.1856608403029247,0
0.0603767125446744,4,0.1701135177401416,0.2107659436378688,0.0511592066341873,-0.0527291735396182,0.1975465839541414,0
0.1849665185519313,4,88.5721086718543,0.176557728378208,-0.0131462835304259,-0.0392179823705073,0.171644273246145,1
0.1293327657898928,3,34.57974027266332,0.1787641233804644,-0.0417579379136558,-0.0029674463427978,0.1737932124433741,0
0.181262928065608,5,100.01924790337443,0.1748746317720709,0.0047039121657285,0.0456662037102543,0.1687412453623833,1
0.1676264314576464,5,78.71903100248225,0.1900263059178461,-0.0012762511972917,-0.0497291561240435,0.1833995069645901,1
0.0,2,72.644330331976,0.1855694785530358,0.0471227695749006,0.0114014964385772,0.1791242078475088,0
0.0180369261361849,3,28.65707952216728,0.1691445035246151,-0.0227824775055255,-0.0347324468303643,0.1639648710196019,0
0.0551802488666726,3,0.0475252229691595,0.1999600365270266,0.0494205635248013,0.0586428618667488,0.1846689981043334,0
0.0,2,70.25339336538867,0.1755225649420628,-0.0008042259843747,0.0393806370373189,0.1710458694354869,0
0.2399536348329383,7,87.87978583386662,0.1801625499469794,0.0232860573813122,0.0207633498757329,0.1774406583536309,0
0.255766899018613,6,90.11382341563602,0.1622819983509896,-0.028505203909897,0.0182460283079651,0.1587135242814257,0
0.0279351656737559,4,42.31456025705464,0.1758867245677279,-0.0243290929109516,-0.0468048250670203,0.1677901769107467,0
0.1860091633527824,4,81.42480335262383,0.188034886524801,0.0006411717549483,0.0524383362683072,0.1805738860926113,0
0.1728851182149232,5,61.61830179898944,0.1907988417449012,0.0056140306953483,0.0383636781249247,0.1868178494450536,0
0.249941026543562,5,102.60587110937418,0.1723203780453039,-0.002951973046861,-0.0297886875821693,0.1697004202615272,1
0.0,0,0.0,0.4465323871478571,-0.4168603401923537,0.0449885418768297,0.1536055358588212,0
0.2482738419867208,6,86.15755466781819,0.1875103813041173,0.0240182617204849,0.0059484312546921,0.1858706065152582,0
0.0,2,82.49293599821425,0.1546449493496313,0.002075276078278,-0.0161599926340314,0.1537842912218833,1
0.2054435070776447,8,108.9679663877276,0.1692665465236627,-0.0258481267650755,0.0299912402996737,0.1645708468109436,1
0.052222856376615,5,0.0009716807988966,0.206674458141969,0.0511845031828285,-0.0527267663365265,0.1931692687616145,0
0.1756428873912416,6,72.13531140215412,0.1778631336663121,-0.0214226687804726,-0.0359192866781706,0.1728761649981106,1
0.2165596374315173,3,97.670443691377,0.1715211804649067,0.0045641291822654,-0.010301810770221,0.1711506843916707,0
0.225480271604608,3,91.46485244911226,0.167227090711119,0.0087845833153216,-0.0231357780865841,0.16538581177359,0
0.0,2,36.57270270851029,0.2022493004709491,0.0546374576759924,0.0184335614401304,0.1938549240342512,0
0.0,0,0.0,0.935930722815575,-0.9191871369239872,0.0596113641996302,0.1658547873346646,0
0.0,0,0.0,1.7772884596047998,1.7492891942265485,-0.2597823528154252,0.1767900245271699,0
0.0,2,0.117696092632195,0.1927215820865244,0.0483561431534559,0.0622454672647926,0.1758658392816611,0
0.0,0,0.0,0.2164373602227288,0.0859192795299478,-0.0541958017641589,0.1911173026608997,0
0.2235929802327015,5,105.64696450104186,0.1476900573275774,0.0005847130718684,0.0071416588401371,0.1475161274337751,1
0.1939478464117529,11,81.34782500196447,0.1803900094689079,-0.0118508452101375,0.0469802245739588,0.1737612485077683,1
0.0,2,58.229578322593085,0.1886849837206991,0.0496493331968111,-0.0359415680616375,0.1784521517944326,0
0.2364799897736688,3,89.53151799647357,0.1536386639616421,0.0170633252836564,-0.0090991768293707,0.1524168198566364,0
0.1816067829480576,6,74.09632336792596,0.184379271322702,-0.0085040014290995,-0.0435791741489351,0.1789532152091188,1
0.0,0,0.0,1.0853968894582355,-1.0696423197833345,0.0373546216636296,0.1804337762574037,0
0.2684121453924983,6,67.67794450456586,0.1625176927451049,0.0086802949926189,0.0099186270839518,0.1619823254889339,1
0.2010101690455464,3,54.66221605600516,0.1687436356473155,-0.0165773548793498,-0.0304075658288249,0.1651514027098884,1
0.2376206877985207,8,71.05697321362508,0.184947121426893,0.0075156569833423,0.0102174641105786,0.1845116691468366,1
0.1959584323580777,10,77.12011844909927,0.1773857992293155,-0.0092187705656775,0.0259361102276304,0.1752371371135144,1
0.2099879242873187,3,58.17135656995883,0.1544944635573318,0.014953352179147,0.02015527143457,0.1524424532795013,0
0.2425714594798608,4,63.90294451270143,0.1894059867890993,0.0084079417070392,0.0086507930417507,0.1890214224037907,0
0.2672846443947504,5,86.3646889998811,0.1525978971215806,-0.0108354344889368,-0.0177824498440895,0.1511704205289742,0
0.2390984272348253,7,61.62233505050812,0.1953045258208781,0.0452115867395046,-0.0135012733182111,0.1895190909892753,0
0.1769065110414224,6,72.11885233344518,0.1720195059365112,-0.0130114823873947,0.0401697877733093,0.1667567087075396,0
0.0,2,51.20545536758471,0.1903758945198454,-0.0209503321268117,-0.0338721915955729,0.18616320644671,1
0.2011255313398192,4,65.88723916982552,0.1627689574394456,-0.0184808903147105,-0.0280634492277521,0.1592627797589289,1
0.0,2,26.95672518154856,0.1697166448347308,-0.0326648105238281,-0.0529000610996537,0.1579187551339405,0
0.0624025629954774,3,0.4581873276027268,0.1956689818742431,0.0531513434964709,-0.0522963204083894,0.1809043394282351,0
0.2304637642850794,4,62.30245400189641,0.1826009516700704,-0.0315597623149617,0.0251152391426635,0.1780907457344299,0
0.1675844843067366,4,78.47431554543581,0.1951909706977271,0.0092886767294638,0.0318182314848851,0.1923560128296247,0
0.2550142911073895,9,77.93085295805251,0.1756825756364775,-0.0188397038778205,-0.0027355318998403,0.1746480741528163,1
0.2306537261135824,8,119.4243955656896,0.1720133997377875,0.0001712226930422,0.0028113310523512,0.1719903392340841,1
0.2103424110035049,6,104.61571453145662,0.1810903744312935,-0.0193424434876248,0.0172551082447655,0.1792257091799487,1
0.2063806669877444,8,112.35310927907317,0.168449542273094,0.0040475429819561,0.0218221444275766,0.166981015988064,1
0.2458721114593064,9,88.14254262554505,0.1952524077919932,0.0107211464702376,-0.0005075054086602,0.1949571804402051,0
0.1703927369333782,4,55.06559323711926,0.1981930208285051,-0.0283745888572353,0.0453703778865788,0.1908320859361448,0
0.0,2,0.0088744585041346,0.2066042728495497,0.0500183805740304,0.0641461045599358,0.1899177833543463,0
0.2385511166066844,8,69.09655765940481,0.1971364792785774,0.0396675748889385,0.0141757652520832,0.192583287551909,0
0.0,2,1.0216075138375091,0.1715389364461957,0.0289237542062922,-0.0534012732138912,0.1604285734488757,0
0.243234762850319,5,81.75017699441966,0.1965057649709784,-0.0233445350590907,-0.0011315480337664,0.1951109119161498,0
0.1948161517995778,3,61.594308725165206,0.1701735641175376,-0.0214954359981911,-0.0353091938447119,0.1650764943465602,1
0.2552913207861763,10,91.93281177222724,0.1656582008340451,0.0049662630472154,-0.0134213754979859,0.165038911819791,1
0.2430540992885739,5,49.13638551110452,0.1904920597295253,0.0370507343384454,-0.0266998559542117,0.1849367070027022,0
0.2267493153467494,4,85.61678144528422,0.1609973116558578,-0.0169100115157783,0.0306044479875604,0.1571545533362822,0
0.0333805190590588,3,58.991274986925305,0.1759453862584079,-0.0190099765443932,0.0577908124849606,0.1650927670424422,0
0.1875049661880583,3,61.76890265989344,0.1837802082102415,-0.0199098159106634,0.0269522987332223,0.1806995787299969,1
0.0,0,0.0,1.3278547534644125,-1.3166454098941278,-0.0357779266897549,0.1684133333930025,0
0.2302328819621887,7,82.74444157531774,0.1822948955236997,0.0043449600049418,-0.0043909234659772,0.1821902029409594,1
0.0,0,0.0,0.9892037826573772,-0.9756018373715672,-0.0269310646299918,0.1612448334018207,0
0.0533038687591865,5,0.8210666702918998,0.2088465858817923,0.0513463893244667,-0.0528262777592022,0.1954221817397625,0
0.2114363856972423,7,88.407322412224,0.1738986256617834,-0.0219275891589222,0.019978285147123,0.1713498787957401,0
0.1859876321198275,4,59.91256605502245,0.181514729316227,-0.0068161543659071,-0.0407806392943782,0.1767429672070294,1
0.223609360307333,9,94.34552322930767,0.1729970291778249,-0.0040000863867273,0.006617549524599,0.1728241286728835,1
0.0,2,65.69734781933072,0.1838643867015976,-0.0333961828320398,0.0240282696229215,0.1792022598304267,0
0.2296597440941323,5,68.42511989820433,0.1961553159209594,0.043102824152062,0.006643180015501,0.1912457128237113,0
0.2336141453323858,5,87.40222684502857,0.1818238641792326,-0.0152130623789267,0.0106485610224049,0.1808731280933545,1
0.0,0,0.0,1.021332105572109,-1.005505021002953,0.0256557722453232,0.1772588614447947,0
0.2499078421477874,6,88.59470513518787,0.1811494393039925,0.0071558053007132,-0.0227760023619966,0.1795693947393471,1
0.2131608812559392,5,105.98186214965487,0.1692484525309716,-0.026504368669664,0.0157218176407795,0.1664192944812024,1
0.1569323944633921,3,34.19225265645005,0.1757871076158958,-0.010643374180506,0.0532320418795462,0.1671950223761177,0
0.2456872618883619,5,247.80040040402903,0.1668903183900417,-0.0196585690469719,-0.0328058455578216,0.1624490551914393,0
0.0,0,0.0,1.189977989828377,-1.1757087899950625,-0.0426649797094536,0.178706902247014,0
0.0807016626294051,5,0.2495738185361264,0.2017848686371074,0.0504789866320358,0.0559090031154992,0.1871982598480245,0
0.2135057978375463,6,87.38696548949937,0.2002387412786511,0.0024314895016415,-0.0233280039404978,0.1988603670916206,0
0.1797542894917677,3,77.05522136604426,0.1901529868530438,0.0013971910043185,-0.0417359283825771,0.1855109661138007,0
0.0,2,68.58610222524727,0.1819054080704906,-0.0020215510125778,0.0251727188571664,0.1801439009295994,1
0.1806425398629252,4,84.98326417237854,0.1997404745571311,0.0035698941253415,0.0547794521935414,0.1920487559179109,0
0.1972846460657697,4,49.412551124850125,0.1927457170997863,-0.0337748237575051,-0.0294943307896893,0.1874573476600176,0
0.0,2,33.12432556938151,0.1842570959041566,-0.0267767730273953,-0.0376901681608945,0.1783623644193932,0
0.24249621319648,4,79.04903406956639,0.1980458176059899,-0.0241998345019901,-0.0010866385811804,0.1965587268423745,0
0.1598692177044576,3,70.59899608616234,0.1711155153499609,-0.0181301871039102,0.0390815413352684,0.1656032881192871,0
0.0,1,33.00979097758008,0.1999970651106256,-0.048315016652944,-0.0440726902163316,0.1890028655755907,0
0.204853293809428,4,58.147918437299566,0.1944231465505219,0.0509482965056981,-0.016618375344849,0.1868915744453743,0
0.2553749374201896,9,67.61530932637162,0.1655140639900837,0.0046488585942033,0.008326554180137,0.1652391055040237,1
0.0,2,44.70740449907616,0.1638837398824074,0.0369064451497054,-0.0126831637532518,0.1591695066947955,0
0.2537415607202228,5,92.8610441074257,0.1667673438538123,0.0018935877320984,-0.0213071900436295,0.1653897365437202,1
0.1761801195034747,6,69.54524438038729,0.1824151633136445,-0.0127858338662259,0.0373861315142888,0.1780845064273846,1
0.2388762743518506,5,70.57491213463017,0.2004740608335896,0.0345335519106075,0.0282809320681467,0.195441734900466,0
0.0,2,64.5564764474085,0.1933214508745534,-0.0454556510818449,-8.67548992535272e-05,0.1879014625450142,0
0.2514174419014811,6,117.32146209984852,0.1697017388183028,0.0053720270304389,-0.0169138576721467,0.168771273924759,1
0.235118066993086,7,59.73998786075213,0.1833362317368647,0.015266374081663,0.0028878974359713,0.1826766863567198,1
0.2003912987240143,3,72.61186419165051,0.1908804760571073,-0.0016958102948914,-0.0239726248447469,0.1893615420968172,0
0.0,1,27.585337609870464,0.1955108115888079,-0.035055102765836,-0.0449240232627553,0.1870225904859583,0
0.0,2,62.32106309932952,0.1862738448613134,0.0486849192826839,-0.0280665789287623,0.1775950198093706,0
0.1947978587215081,6,122.24767043653654,0.1674210641514069,-0.0023796942758167,-0.0324922420429912,0.1642205954920479,1
0.2338919205518023,9,73.21736074513431,0.1856852565682692,0.0127079965241482,0.0154806121613487,0.184601928425128,0
0.1779223652565202,4,47.71409545107617,0.1936620305717416,-0.0347730773740873,-0.040308127829444,0.1862016917377259,0
0.0,2,0.0,0.1725440312671129,0.051383845390824,-0.0570252255189918,0.1545291778702858,0
0.224091450612602,5,69.06421534505594,0.1837116302803438,0.0066207790303902,0.0136203112320034,0.1830863607897536,0
0.1702116889981059,6,71.19543101193986,0.1716182265795228,-0.0089829121501518,-0.0478564844137155,0.1645657311932313,1
0.2470481735852489,6,88.92286048202595,0.1840238348882723,0.0066749884968625,0.0034597635814977,0.1838701889146607,1
0.0,1,0.012648504195883,0.2084056775947436,0.050957111216405,-0.0553542744411568,0.1943507231046395,0
0.0,0,0.0,0.1754284373368282,0.0259353883437574,0.058274938668246,0.1634213076104585,0
0.2437254332883929,5,81.87127632711689,0.1957346303573811,-0.0234489785931044,0.0022065989421051,0.1943124335836218,0
0.0,0,0.0,1.1283901758814332,-1.1157031250035965,-0.0288408514490754,0.1662502065280929,0
0.261937607207333,11,69.2172889144145,0.1779201124553965,0.0094818076853239,-0.0065906689557249,0.1775449937955883,1
0.2010754870107149,4,69.59739426098702,0.1957120049926005,0.0422430951048909,0.0260992302393706,0.1893080558114079,0
0.1890922305154105,3,77.16955823564706,0.1668329185049954,0.0079701670643302,-0.0376693800492958,0.1623290391167361,0
0.0,2,0.0065034536528946,0.2097430730398553,0.0515035615074027,-0.0521949734034006,0.1965075687897887,0
0.2284493778719337,3,74.43373564206941,0.165438491916521,0.0130677777817334,-0.0182156437781679,0.1639125318979818,0
0.2285476780995846,4,68.36908709377106,0.1924968369244533,-0.025510788640165,-0.0013892953398622,0.1907938724051038,0
0.234823071665819,5,111.32312531120245,0.1781615608512975,-0.0211021660878967,-0.0169845268142966,0.1760902217622087,1
0.0,2,48.76726650655838,0.1831089089981682,0.0473959061319743,-0.035018882279841,0.1733671783247889,0
0.2143386349613496,10,75.56120387232606,0.1654390886488926,-0.0169612220720019,0.0224494780551847,0.1630289236112726,1
0.2677823117608955,8,114.16717370273358,0.1609038193178185,-0.0084565455287458,0.0214221743321102,0.1592470293464406,1
0.1944374533430791,5,100.5594078228484,0.1668255406413894,-0.0239521596812205,-0.0162724393615228,0.1642932219360334,1
0.2053494898854098,6,95.16183300580845,0.1525191996536207,0.0027254667100223,0.0159188840033867,0.1516616867448081,0
0.0,2,37.29806457791766,0.2024755212823075,-0.0484302582597375,0.0042308384981508,0.1965526565809779,0
0.0564247375613103,6,0.0478581980703261,0.2014525159193521,0.0462010996486035,-0.0617607530051487,0.1861026167192004,0
0.2184239321948155,4,93.02547516344096,0.1550564411179712,-0.0082738877861155,-0.0121107004704299,0.1543611792102832,0
0.0877784248931175,9,0.1808352250797868,0.1937164715472164,0.0512844670995681,-0.0525408900507573,0.1792635759313393,0
0.2099190936757391,5,108.4959555893771,0.1530731352767161,0.0042256300377732,0.0181442545584353,0.1519352323220207,0
0.0,2,48.31899746150799,0.193568270945233,-0.0313348782824964,-0.0267249956987917,0.1891363939717785,0
0.0002542833197757,3,0.0089943520783911,0.1981829748213603,0.0512025804604156,-0.0585777053141419,0.1822729812763486,0
0.1734312107578426,4,63.82334038615832,0.1937195398245483,0.002735564280316,-0.0386124635244829,0.189812682554337,0
0.0,2,0.0023963724165584,0.1776605706550048,0.0413958840386036,-0.0566313466548553,0.1632254567344875,0
0.0,1,0.024895153390665,0.210677614968278,0.0510463245583971,0.0587495531469995,0.1957749223032118,0
0.2227975249520365,4,62.39234138922318,0.1529187602578116,-0.0044936496662452,0.0270303851461734,0.150443719145442,0
0.0,0,0.0,1.2785734268065168,-1.2667023732670029,0.0229194589944691,0.1723072943752018,0
0.154299896875814,3,41.53460207175896,0.1726126927962799,-0.0171324378163396,-0.0418795155404097,0.1665764913394226,0
0.2539737001283876,6,105.2345239245442,0.1645860588118805,0.0090901213448099,0.0025866562892987,0.1643144840189246,0
0.1971545913812286,3,61.71200383298361,0.1538665010804901,-0.0045185708220135,0.0254266133597548,0.1516837829351986,0
0.1827511917053678,4,60.46404734805825,0.158396900851304,-0.0042418748799546,0.0210623843215216,0.1569329814395086,1
0.0,0,0.0,0.2108441817692423,0.0555389504962244,-0.0594377085060048,0.1945195434172988,0
0.0,2,51.32128110303883,0.1921703635499959,-0.0194568216663141,-0.0377501117068699,0.1874188085110501,0
0.2292038621032651,5,82.1676329486978,0.1868252476570066,0.019753611492774,-0.0136819602607313,0.1852735058191488,0
0.1941361835867024,7,51.57846572237096,0.1823770983088523,-0.0215841237168468,-0.0356998703994088,0.1775416876240565,1
0.1944489658728608,4,55.878774474542126,0.2035576792725205,0.0499619785366337,0.0289741187755209,0.1951922896343533,0
0.0,2,60.25454229731253,0.1567722649426954,-0.0010362665270849,-0.0386148340051095,0.151938684349001,0
0.0,0,0.0,0.8039597607991256,-0.7844642561555367,-0.0534180135705092,0.1676712367244557,0
0.0,0,0.0,0.930776350804872,-0.9164294568892556,0.0279861850757078,0.1603696954172027,0
0.2457476848243565,4,105.80252214012158,0.1714871024327455,0.0011284373858905,0.0204821420125228,0.1702557922316416,1
0.0801596976199907,6,0.012896073194267,0.1898447733963705,0.0509675187877024,-0.0527034140467815,0.1751162475681739,0
0.0,1,22.38785854312582,0.1993974223127271,-0.0186961767729301,-0.0510905335999113,0.1918320681625252,0
0.187166926301614,4,122.09759349445504,0.1945989371339805,0.0051611009451629,-0.0205071218465021,0.1934465490110419,1
0.0,2,43.06896068917823,0.1967353014006745,-0.0244573665232435,-0.0373069583969493,0.1916110823912079,0
0.2027737402857028,7,81.2621372631989,0.1866544277950919,0.0024374543975746,0.0149674104269953,0.1860373910177273,1
0.0,2,30.27727143730504,0.1680633322694797,-0.023041684204578,-0.0317903323781397,0.16341278777937,0
0.2511396670949174,8,75.18424386938491,0.1811902901268475,0.0089679928961825,0.0077725998806394,0.1808012251915364,0
0.2069524100406798,4,105.58392233298868,0.1695789996799489,-0.0113996274530736,0.0370194855168883,0.1650958609973252,1
0.1480864933713578,4,52.9893678171892,0.1834167070519443,-0.0203223299052926,-0.0416313709680764,0.1774697728750381,1
0.0,2,43.82108665897424,0.1617106858983354,0.0442565744150048,-0.0221104650624437,0.1539572307151622,0
0.0,2,54.00421211561725,0.1989911305598423,0.0111974749175515,0.0529612764998015,0.1914867875036462,0
0.2312261066718024,6,93.21140734179784,0.1627567296099633,0.0189181430542625,-0.0221654622356058,0.1601266660509457,1
0.0,2,41.979521452145,0.1947249203412291,0.0487224860714013,-0.0259824749991899,0.1867319601617157,0
0.1872716639872229,3,78.92286342225584,0.1842117110629357,-0.0050788260374757,-0.0345077800889068,0.1808794436417561,1
0.2082615114378029,4,71.90235614774365,0.1570058827820628,-0.0013291057941233,0.0046050455304138,0.1569327061565743,1
0.0,0,0.0,0.6530015157167737,-0.6322674426456079,-0.025205631822381,0.1612871247906085,0
0.1668607391436356,5,78.87216197030291,0.1697353990240818,-0.0001945835747639,0.0467545213078119,0.1631688774134763,1
0.0943549725560808,7,0.0103882190799144,0.1901712523625466,0.0500121764283924,0.0559438258296483,0.1747403095612935,0
0.2158751516692861,5,76.30876581647416,0.1912188508352068,-0.0100504041073477,-0.022047741110971,0.1896774509632594,0
0.165914409055293,4,92.47375730575088,0.1799769094555598,0.0039379480966069,0.053345375004832,0.1718442651576044,0
0.2276195760481114,3,97.31523500047554,0.170572386645854,0.0062873693783217,-0.0239095182086355,0.1687712742482979,0
0.0,0,0.0,1.3338221458332171,-1.3205887210938947,-0.0338813851207855,0.1843339311603162,0
0.0,2,0.0204702819839801,0.188388731702756,0.0501226738008909,0.0612785549131571,0.1709472740682859,0
0.2576533676329149,10,93.31763338113213,0.1803469301974243,0.001197975686685,-0.0171637930434558,0.1795243278618531,1
0.2009390631398783,7,46.43678289824833,0.1698507910141585,-0.0253043933601639,-0.0295229586411358,0.1653401759944727,1
0.0522815523060769,4,0.2601475485280726,0.2066801081758383,0.0507958295375438,-0.0529762586730863,0.1932096447752319,0
0.1654446411745603,3,88.82651339013805,0.1646815179986007,-0.0115232570145766,0.0443771514623358,0.1581704313270605,0
0.0,0,0.0,1.2548793002686742,-1.2422719852612174,0.0498902047581161,0.1702743091224985,0
0.1757537958299784,5,55.329264260116,0.18281167980094,-0.0266681477271314,0.0354236934883383,0.1773529873108699,1
0.2314327287445394,10,92.810049254441,0.1817043373780491,0.0085432875466102,0.0037244659047398,0.1814651669429046,1
0.0,2,68.6868819886557,0.1838487823011643,0.0393781415110429,-0.0411608434817298,0.174801377822458,0
0.2612671201598601,5,78.41436581789007,0.189224810154035,0.004289554040146,-0.001020143958067,0.18917343315136,0
0.0,2,60.13440986157421,0.153735948645785,-0.0045184108544915,0.0278382976311495,0.1511269501259421,0
0.0,1,36.66438171161708,0.1985749065735737,-0.0822545310224129,-0.0316503683103233,0.1779450472275284,0
0.1688048340655437,7,79.2688220073477,0.1891420183776832,-0.002546785932932,-0.0519037210688235,0.1818631923633956,1
0.2461109474876385,5,93.1836615200018,0.184745973850129,0.002443168562195,-0.0003424327220504,0.1847295009494697,0
0.2264461591855883,8,102.57457503542544,0.1743591051581111,-0.0163377331024882,0.0121896830433877,0.1731634709051273,1
0.1862751601986028,5,79.16866288152676,0.1657314393241684,-0.0042156558750086,0.0434417045101268,0.159881069971585,1
0.2744021365554609,3,78.64802328034625,0.1854645094231915,0.0265662917987391,0.0044344370099295,0.183498371011991,0
0.0,2,0.0017354801820188,0.2005108495541606,0.0494210081210058,0.0683464652659791,0.1819091131056414,0
0.0,2,46.67769980957583,0.1524254379838896,-0.0030356536986532,-0.0286235314278275,0.1496829729789016,0
0.1884097602028819,5,63.35784429256786,0.1966335193273198,-0.0200640863530676,0.0356603233005149,0.1923291831833298,0
0.0013432408922348,4,0.0877568422087604,0.1844683671670372,0.053643939058604,-0.0549873611595202,0.1677119447155214,0
0.0,2,56.49803427085163,0.1890383430608204,-0.0032532261062897,-0.0395294082335822,0.1848305644415571,0
0.2294817392946888,4,106.44865435143171,0.1651666005327415,-0.0002372448030729,-0.0270712787681683,0.1629327944653922,1
0.0,2,0.006346810666376,0.2005460018777561,0.051387200153896,-0.0589220926024297,0.1846787522506232,0
0.2004539481757422,5,59.752606036718106,0.1768626280083191,-0.0326483872997852,0.0268080043610985,0.1717434216932562,0
0.1963466203565271,5,61.7662771126946,0.160867714422058,-0.0220538518612019,0.0288699256275483,0.1567117626590959,0
0.0,2,0.0070125870247313,0.2119402378541561,0.0510168807940454,-0.0521142500353813,0.1989976061136721,0
0.0357264957526448,4,0.01595697289111,0.2146974361182129,0.0506053152150871,0.0629716701202846,0.1989187268961317,0
0.0,2,78.5150159290566,0.1935456244164599,0.0146764209543595,-0.0382789860656672,0.1891539865414214,0
0.187700715160672,5,71.46063625583142,0.1683049073753242,0.0054485361149398,0.0280970847151929,0.1658535773847761,1
0.265907841031683,5,110.15135912227096,0.1536441638671152,-0.0123083256908362,0.0140502004277028,0.15250451166131,0
0.2275870152652022,4,92.10640694099531,0.1664082299671686,0.0003394155443601,-0.0389463198646763,0.1617861797771758,0
0.1682453138254441,5,77.5455074097494,0.1755569444421914,-0.0060312043477335,0.0411697232192332,0.1705547396176555,1
0.0,2,0.2547977273393966,0.204035052416026,0.0496344630700791,-0.0554448144887043,0.1899805127808339,0
0.2590888920283798,9,105.10701217940256,0.1769035771163756,0.0070922481941162,-0.0117019665993103,0.1763735796252691,1
0.1908927128310762,7,76.28248776995139,0.1814788427700295,-0.0191014539531325,0.02768480803938,0.1783346747939057,0
0.0,0,0.0,1.3078813392237332,-1.2950309345691189,0.0484401470925481,0.1763576710788412,0
0.0,2,67.46725288709078,0.182442952591817,-0.0196336268446859,0.041074268446164,0.1766716052990861,0
0.0,1,0.0017328944827554,0.1939804477492526,0.0508055813202982,-0.0615649703141491,0.1767963841426771,0
0.0,0,0.0,0.1848928235365889,0.0508900445735238,-0.0574652187666211,0.1682061478981709,0
0.0,2,43.13098214474501,0.2033536028138816,-0.0273408806232877,-0.0354554228012879,0.1983634971916732,0
0.200352178228599,11,88.82759762892296,0.1720883598684712,-0.0097021807514277,0.0300276592799773,0.1691703607877357,1
0.0,0,0.0,0.6388150590407113,-0.6122567080712662,-0.0299179369439989,0.1798091213702427,0
0.0282125756468364,5,53.18310759668381,0.1630688923380333,0.0463409362359817,0.0019227288714367,0.1563338875318231,0
0.0876001947508269,7,0.1270601569837058,0.1988566283648514,0.0503059407061438,0.0562499558291785,0.1839815573461699,0
0.2314422726856754,6,137.4283581367714,0.1630243840661465,-0.0037697294552275,0.0246214287343721,0.1611102857891421,1
0.2677179598912636,4,135.13655661853335,0.1479488448707998,-0.0113139725110461,0.0013198856884392,0.1475097034991012,0
0.20949822281542,4,68.48688488532855,0.1728703914782956,-0.0064283579801597,-0.0324913427848276,0.1696677963185027,1
0.0,2,56.96586043309946,0.1855465053189449,-0.0292766592466829,0.0305859853353232,0.1806512672540501,0
0.053660315848726,5,0.6471138375522715,0.1935190005899421,0.0492641543054939,-0.0584346636387746,0.1777864921058902,0
0.0,2,53.42635200975559,0.1575733964168633,-0.005270653347697,-0.0302293360356408,0.1545567297612067,0
0.0679349565615314,3,1.3816812614084324,0.2084405070510338,0.02938986308193,0.0640192028352084,0.1961765087773302,0
0.1621666058476789,4,97.19070014774762,0.1789190773528206,-0.0058073987376943,0.0333890585395361,0.1756800533086481,1
0.1778067084579097,5,69.263752162168,0.1673528515249384,0.0076268166895692,0.026865563142226,0.1650062123005157,0
0.2173664724730948,4,51.35568929181692,0.1917154380625093,-0.0251246862992347,0.0195110834405149,0.1890578666780151,0
0.0,2,42.89198958657038,0.193615151992725,-0.0205268650636935,-0.046649299768351,0.1867868242755507,0
0.2372138104281418,3,98.8637755560366,0.1636751237582228,-0.0013581684516564,-0.00935529011403,0.1634018973653881,0
0.1587268155872278,3,64.46694800229534,0.1840902574244287,-0.0162692844504045,0.0511764888539863,0.1760837875860298,0
0.1702284056517188,3,81.20531279833037,0.1656452923772611,-0.0018889042206033,0.0467260741952321,0.1589071078268539,1
0.2592267113769323,14,96.1832360081566,0.1778400545569024,0.0062824884475594,0.0059031248348284,0.177630989584849,1
0.0,2,0.0682215364482441,0.1958457167489377,0.0493866575261457,0.0595201144775656,0.1799273709024778,0
0.0,2,70.55915864543093,0.1826361437842477,0.0061946771127894,0.0474805824339135,0.1762475000775473,1
0.1773592991040875,5,77.44359868370351,0.1881061298268607,0.000785758077665,-0.0413041251145402,0.1835136722732275,1
0.2492191386704677,3,167.69262313100717,0.1551547274595008,0.0128688673527263,-0.0022850855613968,0.1546032344101087,0
0.0,2,56.03655487137446,0.1970085256447679,-0.0104585587689719,-0.050249566438086,0.1902050440918576,0
0.2344041908116138,6,94.441708186219,0.1948834774214544,0.0117525126943455,-0.0133911822275611,0.1940673193914834,0
0.2447306438246023,10,74.11218203421619,0.1834020196947945,-0.0269992075518406,0.0079346319269086,0.1812301995691858,0
0.1778312940412263,5,78.68219250074027,0.1575951680322268,-0.0001670318870379,0.0221423618784828,0.1560318073275344,1
0.1826274113547926,4,59.21106668799098,0.1834743240613483,-0.0218762383765495,0.029702461909427,0.1797276315450133,1
0.2490658457192771,3,80.15370719832069,0.1896354007920631,0.0180908455833245,-0.0342320461312281,0.185640710937327,0
0.2021516590162374,8,69.61740251647538,0.1846475194435159,0.0047816163439062,0.0316819999660643,0.18184634574259,0
0.2480511728076855,7,96.73667498798729,0.1654468948761201,-0.0158868264537662,0.0217513153699904,0.1632395909363077,1
0.2326789103722652,5,160.66585909920192,0.1606110159314393,0.0117825940812153,0.0067169592123359,0.1600373436863602,1
0.2529140392766723,10,71.93825650855686,0.1818647107302504,0.0097362645588454,-0.0068368685482099,0.1814751646641829,1
0.0,2,61.65272975948622,0.1504515555025382,0.007107363909507,-0.0398513858511556,0.1449034953930839,0
0.1529338868949926,3,53.44564127147893,0.1783217421458859,-0.0203467218703654,-0.0383540898815739,0.1729555388544408,1
0.15502478073594,4,67.12180092908436,0.1864546097668123,-0.0171902099073425,0.0444989449828116,0.180248889267181,0
0.2426734077265905,8,86.01909613328806,0.1770399444936429,-0.0013933648500241,0.0077704356960405,0.1768638482273881,1
0.2036738430339073,5,64.08734798153071,0.1806993244977915,0.0007216448489065,-0.0279932254042245,0.1785163982219518,1
0.1658328500647845,5,77.71181390225355,0.1965176389909203,0.0018579139930356,-0.0393225012313021,0.1925343384621933,0
0.2278306025836914,4,83.68912403686073,0.1666984216551364,0.0052817970929121,-0.0243778745428773,0.1648216782906748,1
0.188522475491037,3,52.99530954944417,0.1876753636592034,-0.0208875656762984,-0.0266543302888123,0.1845949576819135,0
0.2074590709170926,6,60.52642657432691,0.1931441430751828,-0.022156974740545,0.0291279105224044,0.1896451773792108,0
0.2450729310826398,5,90.72621406770496,0.1618407716750041,-0.0105273243707427,0.0257805451510771,0.1594270187567567,1
0.0,2,0.0165722671720881,0.2139673798052639,0.05184825398471,-0.0604106853445127,0.1986060101700685,0
0.0,0,0.0,0.1982882589327444,0.0643796638368648,-0.0551600702462751,0.1792508275162415,0
0.0,2,0.0233626958222706,0.2015626722357775,0.0501283099783547,0.0564374506065996,0.1868942951150973,0
0.2309031955201911,3,100.99518419620632,0.1603479596179514,0.0195540742741929,-0.0112526766715932,0.158752901077883,0
0.2017061974396227,6,83.01907256818579,0.189319905221151,0.0045493463620041,0.035378575009474,0.1859292510363098,1
0.2518020227703706,7,75.20002246912055,0.1610808849250206,-0.0311478173445671,0.0316494256236879,0.1548392031127383,0
0.1695232523925519,5,86.80862425032358,0.1811408098769482,0.0054569044797923,0.0477631553503237,0.1746450577238187,0
0.0528735616985092,3,0.2138276269378589,0.1867760628707446,0.049995398833303,-0.0552644140453164,0.1712647141042869,0
0.1882930668735923,5,100.1684908090588,0.1894169273811019,-0.0032029609169987,-0.0252597842574818,0.1876977802722432,1
0.2332109365171983,8,89.07782840046669,0.1955414259645714,0.0202870215928211,0.0172126946738082,0.1937230217739146,0
0.0,2,54.83550524772395,0.1884195383417751,0.0521428009087912,-0.036142216864907,0.1774169972195557,0
0.1915601225044067,5,67.64886194616867,0.1944761086148416,-0.0231333978839745,0.0257423836069843,0.1913717126707713,0
0.0,2,48.66198330700432,0.157817582497513,0.0445825299220226,0.0131107071544765,0.1508207436960209,0
0.1951462818815731,4,54.103861395906726,0.1920747020132981,0.045146917944347,0.0056566103327001,0.1866077429078645,0
0.0,0,0.0,0.9930550377420952,-0.979774750767868,-0.0231206841650455,0.1602035570967655,0
0.2147867322341778,7,87.01464899500576,0.1853865358973273,0.0191495602726203,0.0010963723063508,0.184391594171595,1
0.258082539455469,7,92.85320086977192,0.1883218643740314,0.0015965525387523,-0.0063800755902013,0.1882069878000427,1
0.0440765526950584,4,0.0161298932248001,0.2000252557735292,0.0501934865439804,0.0573914440842504,0.1849241439124415,0
0.1720580846128185,5,79.92645745504868,0.1845208928214776,-0.0084868625618363,0.0378258149164904,0.1804027183204154,1
0.0,2,37.41361045251162,0.1982379881872693,0.0552631709101605,0.010951320825647,0.1900640693915187,0
0.1225408138577033,3,36.54435026857756,0.176586557281539,0.0066648172369104,0.0560235791024246,0.1673312613001504,0
0.0,2,81.83855567257656,0.1861056023116172,-0.0052320728433813,0.0412917807566928,0.1813915915015704,0
0.0,0,0.0,1.2305919255358873,-1.217976466382194,0.0442521266242348,0.1700928094379629,0
0.2537568693615715,6,91.62298799521344,0.1649807964532403,-0.0235000113231094,0.0196275960299486,0.1621146820625584,1
0.2298997659908174,3,82.26659215910072,0.1644476135211616,0.0008601555218905,-0.0161318018080053,0.1636522003998441,0
0.0,0,0.0,0.7235488978122897,-0.7042581427673263,0.0298368947005321,0.1632581868879011,0
0.0,0,0.0,0.6119841903513569,-0.2652911402963398,0.5291699617570396,0.1553203518355751,0
0.2692452547412747,4,79.12270371150787,0.1859540974361587,0.0102650334197558,0.0105729923198087,0.18536927273848,0
0.0,2,40.27778120544773,0.1780269351287001,-0.0487775607244997,-0.0066968876721344,0.1710832864326406,0
0.1963143889852327,3,93.18728902549194,0.1921739479046923,0.0331926987077674,-0.0243162171594605,0.1877173209611322,0
0.2118146950127735,6,50.02284939300566,0.1904686811291863,-0.0207221584611428,-0.0217576618591173,0.1880837972559765,0
0.1727915855136072,3,64.96296769234203,0.1681636276984992,-0.0045913812683938,0.0446167210044337,0.162071814655048,1
0.0,0,0.0,0.8110439353344736,-0.7915161242386481,-0.0488111641592999,0.1700351739096137,0
0.1688560162544028,4,51.61160430656952,0.1828525664322406,-0.0222630360351927,-0.0387053704512818,0.1773169833252915,1
0.0,1,0.060141309311491,0.1997763142827412,0.0511289752681176,-0.0638195563612002,0.1822730585201455,0
0.0,2,61.137183009786725,0.1866706872959732,0.0548010846018552,-0.0066372501553223,0.1783219939670567,0
0.2176096397842989,6,68.18397332791068,0.1923339213079694,-0.0276026487630012,-0.0016334395972477,0.1903359213129479,1
0.1727341066392207,3,68.63551231849871,0.187740553491585,-0.002078056738472,0.0519688463484326,0.1803924502708786,0
0.0,0,0.0,0.275762928654912,-0.0786087496288725,0.2152730047005497,0.1533733704047621,0
0.2147080375948071,5,91.08537908511876,0.1716876397138747,0.0140917437393078,0.0097160864084541,0.1708322746257579,1
0.2197055549521734,4,91.06527125610504,0.1740214476438719,-0.0110596030723997,-0.0082095951939822,0.1734755082618315,1
0.2133828209909017,5,68.80686271603989,0.1869378462172042,0.0238914950938771,-0.0140372651218414,0.1848726859176484,1
0.2255269330072868,4,108.5476306306277,0.1567545390907983,-0.0079518845328862,-0.0159730524176766,0.1557357205473632,0
0.2642228146893918,6,91.580292872486,0.1508004115744263,-0.0095503915000318,-0.0103975820385385,0.1501380845787115,0
0.1539520751598373,3,59.77976604878579,0.1925993233380833,0.0065881469936283,0.0443139807001434,0.1873162213583897,0
0.2503758004852562,7,71.46169263707787,0.1847952452787991,-0.0225215631647417,0.0005970262954193,0.1834167534056545,0
0.0,0,0.0,0.3862669179168299,-0.3359349166807487,-0.060059128661703,0.180949619220551,0
0.1748369282914445,6,58.546858098665744,0.1781098258750682,0.0036474057411936,-0.057053642830186,0.1686851752360348,0
0.2052934027323603,5,144.13442545406028,0.1761567536267797,-0.0243803077701958,0.0167204260554305,0.1736583709294815,1
0.0,2,50.124342536839976,0.1946579005102021,-0.0269710197011195,-0.0208008967902733,0.191654859108873,0
0.0,1,27.086054800063515,0.1839688898549891,-0.0427319231976941,-0.0495006621909031,0.1719541206745729,0
0.1837674521774399,3,86.3810891208545,0.1619132207689482,0.0202045025642826,0.0191697864780593,0.1594998069663085,1
0.088630532179946,9,0.2437221598345337,0.1937926271540698,0.0511919803069278,-0.052486521973252,0.1793882061415486,0
0.1825714392364481,3,58.50508840841212,0.1631187417562512,0.0234007773668862,0.0134654374225851,0.1608689203226852,0
0.2572478263273781,7,79.53605004292956,0.1744603573706042,0.0445828878916886,0.0024764240245924,0.1686494877702463,1
0.1670509670914694,3,85.15857124993892,0.1738799821072206,-0.0044363129912988,0.0336304402718629,0.1705390301126732,1
0.1548828093740731,5,83.14101937889073,0.181274245066674,-0.0016252999246272,-0.0503584876054519,0.1741313672223909,1
0.0,2,61.12800561878187,0.1979240045502724,-0.0098840770611822,-0.0455367439877923,0.1923606548773816,0
0.2428231452852802,4,73.16961768581356,0.1754272617098967,-0.0205525280805786,-0.0014333817504191,0.1742132691768546,1
0.1899093770453332,3,61.54999737417211,0.1894221650728389,-0.0105144879861813,0.0295660938913833,0.1868048400210128,1
0.1837597789051525,5,81.05670330821232,0.1886518621745234,0.0054392829301551,0.0499299323259755,0.1818431773838232,1
0.2143445975109614,3,79.52679311578203,0.1558892911379638,0.0023832150462,-0.0005014438713478,0.1558702663486025,0
0.2702573594091377,6,80.01993067154308,0.1779472382273363,0.0064356780178532,0.0008111827591436,0.1778289729591839,0
0.1481878976082124,4,53.25322421305079,0.1837645667330086,-0.0194051559158119,-0.0431185836252391,0.1775771484640033,1
0.2358301932602737,4,83.39985835803714,0.1822076470640626,-0.0231561464522725,-0.0041803521119874,0.1806818867134243,1
0.2103884253674922,4,107.02320739714024,0.1805537308265396,0.0066270620500743,0.0186772120611238,0.1794627914460008,1
0.2269248742645115,5,125.39164630292169,0.1708877597592471,-0.0069219326118435,-0.0266052212319717,0.1686620155448436,1
0.1953246706735557,6,55.14998296114487,0.176139846266164,-0.0254012138056855,-0.0311932471636479,0.1714847080974083,1
0.1929358307954907,6,124.85624551419676,0.1791476427633817,-0.0016341752705409,0.0222255687269763,0.1777561010869214,1
0.1961566870263738,5,70.48411381539982,0.1974239064520292,-0.0142439836583852,-0.0319334664160924,0.1943027572912221,0
0.1683121975937814,7,78.03963178766818,0.1751819749195929,-0.0072815289356499,-0.0387388336746587,0.1706897959416886,1
0.1948965817536692,3,54.51214697368623,0.1702688601328041,-0.0153997465162787,-0.0354738298061473,0.1658189975154936,1
0.2513953212631244,11,124.09618419189654,0.1726461822449761,0.0067017923534666,0.0008284609858875,0.1725140686303913,1
0.0,0,0.0,0.7816834196854299,-0.7616336055017954,0.0273858666283066,0.1737620035866874,0
0.2463904132999403,4,66.78600692085331,0.1801407357197314,0.0269274864662408,0.032181986333261,0.1751853729450673,0
0.180478357853247,4,96.17386401678895,0.1794906555503882,0.0029375154551017,0.0221011681029901,0.1781005468867025,1
0.1842283534413263,4,65.91677931878812,0.1849417922425313,0.0035002942106481,-0.0419077942413886,0.1800970606093835,0
0.2339014816747624,3,76.21585940300005,0.1811814679325157,0.0223030715181533,-0.0027946401027605,0.1797817769122705,0
0.0,1,0.1665696563498609,0.2101102482373238,0.0508957120313657,0.0635457789548227,0.193695319737455,0
0.1884295589592859,5,79.55622551958429,0.1975553755642036,0.0064641842565417,-0.0357922346233551,0.1941784145492946,0
0.0,0,0.0,0.2005774076143558,0.0590243037340634,-0.0583199276213111,0.182609457740418,0
0.0,2,40.03775872432017,0.1917854549570526,-0.0501540842980208,-0.0060081685747284,0.185013865620089,0
0.2298560115962585,5,85.07289023596468,0.1961496504068851,0.0168751846595182,-0.0146324864868069,0.1948738151642334,0
0.1460755857793824,8,70.51656049458788,0.1654880507642417,-0.0323430341119774,0.0042736135742739,0.1622404367511302,0
0.0,2,30.41066608521925,0.1745199310954813,-0.0155021336353602,-0.0508125788326681,0.166237697393512,0
0.2455883199766556,6,89.0457941338095,0.1934028833003728,0.0151341784010669,0.0002345907989145,0.1928096908357548,0
0.1906027301642953,4,52.89786349566474,0.19401521869572,-0.0004792905228066,-0.0233422652649217,0.1926053322689817,1
0.2087930640590981,4,45.35929148099241,0.1678506036020139,-0.0340576323987374,-0.0295842362840664,0.1616745984019796,0
0.1705507940455757,3,71.43438994236423,0.1861097550849636,-0.0063636166312411,-0.0467222437621261,0.1800371552179943,1
0.2256996839550976,10,99.29217550764984,0.1712617807412241,-0.0151925018712228,0.0234992187679429,0.1689602679532806,1
0.0,2,61.60211417177103,0.1946237597454121,-0.0077749819688302,0.0333009735274348,0.1915959359562445,0
0.2463955944926677,3,171.95100850650596,0.1539674556448565,-0.0127381667356245,0.0345193098251809,0.1495063000517351,0
0.0,2,0.04854391796522585,0.20507556556181816,0.049296056913565756,0.05853017248338532,0.19026325255376886,0
